took,timed_out,total,successful,skipped,failed,total,max_score,.hits.hits[],doc_count_error_upper_bound,sum_other_doc_count,key,doc_count,doc_count_error_upper_bound,sum_other_doc_count,key,doc_count
9,false,5,5,0,0,1092,0,,9,391,2119,246,5,236,30684,1
,,,,,,,,,,,91,113,1,103,30693,1
,,,,,,,,,,,83,86,0,76,30711,1
,,,,,,,,,,,2231,38,0,28,30732,1
,,,,,,,,,,,446,37,0,27,30736,1
,,,,,,,,,,,2133,33,0,23,30750,1
,,,,,,,,,,,2128,29,0,19,30778,1
,,,,,,,,,,,664,24,0,14,30785,1
,,,,,,,,,,,2206,23,0,13,30821,1
,,,,,,,,,,,529,21,0,11,30827,1
,,,,,,,,,,,,,,,27159,1
,,,,,,,,,,,,,,,27168,1
,,,,,,,,,,,,,,,27173,1
,,,,,,,,,,,,,,,27175,1
,,,,,,,,,,,,,,,27183,1
,,,,,,,,,,,,,,,27188,1
,,,,,,,,,,,,,,,27190,1
,,,,,,,,,,,,,,,27192,1
,,,,,,,,,,,,,,,27196,1
,,,,,,,,,,,,,,,27200,1
,,,,,,,,,,,,,,,26529,1
,,,,,,,,,,,,,,,26537,1
,,,,,,,,,,,,,,,26545,1
,,,,,,,,,,,,,,,26564,1
,,,,,,,,,,,,,,,26566,1
,,,,,,,,,,,,,,,26567,1
,,,,,,,,,,,,,,,26571,1
,,,,,,,,,,,,,,,26575,1
,,,,,,,,,,,,,,,26583,1
,,,,,,,,,,,,,,,26615,1
,,,,,,,,,,,,,,,33220,1
,,,,,,,,,,,,,,,33221,1
,,,,,,,,,,,,,,,33222,1
,,,,,,,,,,,,,,,33223,1
,,,,,,,,,,,,,,,33225,1
,,,,,,,,,,,,,,,33228,1
,,,,,,,,,,,,,,,33229,1
,,,,,,,,,,,,,,,33231,1
,,,,,,,,,,,,,,,33232,1
,,,,,,,,,,,,,,,33233,1
,,,,,,,,,,,,,,,28785,1
,,,,,,,,,,,,,,,28788,1
,,,,,,,,,,,,,,,28789,1
,,,,,,,,,,,,,,,28790,1
,,,,,,,,,,,,,,,28791,1
,,,,,,,,,,,,,,,28792,1
,,,,,,,,,,,,,,,28793,1
,,,,,,,,,,,,,,,28794,1
,,,,,,,,,,,,,,,28795,1
,,,,,,,,,,,,,,,28796,1
,,,,,,,,,,,,,,,32850,1
,,,,,,,,,,,,,,,32851,1
,,,,,,,,,,,,,,,32853,1
,,,,,,,,,,,,,,,32854,1
,,,,,,,,,,,,,,,32855,1
,,,,,,,,,,,,,,,32856,1
,,,,,,,,,,,,,,,32857,1
,,,,,,,,,,,,,,,32858,1
,,,,,,,,,,,,,,,32859,1
,,,,,,,,,,,,,,,32860,1
,,,,,,,,,,,,,,,32739,1
,,,,,,,,,,,,,,,32740,1
,,,,,,,,,,,,,,,32741,1
,,,,,,,,,,,,,,,32742,1
,,,,,,,,,,,,,,,32743,1
,,,,,,,,,,,,,,,32745,1
,,,,,,,,,,,,,,,32746,1
,,,,,,,,,,,,,,,32747,1
,,,,,,,,,,,,,,,32748,1
,,,,,,,,,,,,,,,32749,1
,,,,,,,,,,,,,,,29034,1
,,,,,,,,,,,,,,,29043,1
,,,,,,,,,,,,,,,29044,1
,,,,,,,,,,,,,,,29046,1
,,,,,,,,,,,,,,,29047,1
,,,,,,,,,,,,,,,29050,1
,,,,,,,,,,,,,,,29051,1
,,,,,,,,,,,,,,,29052,1
,,,,,,,,,,,,,,,29053,1
,,,,,,,,,,,,,,,29054,1
,,,,,,,,,,,,,,,33028,1
,,,,,,,,,,,,,,,33029,1
,,,,,,,,,,,,,,,33030,1
,,,,,,,,,,,,,,,33031,1
,,,,,,,,,,,,,,,33032,1
,,,,,,,,,,,,,,,33033,1
,,,,,,,,,,,,,,,33034,1
,,,,,,,,,,,,,,,33035,1
,,,,,,,,,,,,,,,33036,1
,,,,,,,,,,,,,,,33037,1
,,,,,,,,,,,,,,,27728,1
,,,,,,,,,,,,,,,27739,1
,,,,,,,,,,,,,,,27745,1
,,,,,,,,,,,,,,,27756,1
,,,,,,,,,,,,,,,27757,1
,,,,,,,,,,,,,,,27776,1
,,,,,,,,,,,,,,,27784,1
,,,,,,,,,,,,,,,27794,1
,,,,,,,,,,,,,,,27798,1
,,,,,,,,,,,,,,,27837,1